TripID,RouteID,StopID,StopName,WeekBeginning,NumberOfBoardings
"23631","100","14156","181 Cross Rd","2013-06-30 00:00:00","1"
"23631","100","14144","177 Cross Rd","2013-06-30 00:00:00","1"
"23632","100","14132","175 Cross Rd","2013-06-30 00:00:00","1"
"23633","100","12266","Zone A Arndale Interchange","2013-06-30 00:00:00","2"
"23633","100","14147","178 Cross Rd","2013-06-30 00:00:00","1"
"23634","100","13907","9A  Marion Rd","2013-06-30 00:00:00","1"
"23634","100","14132","175 Cross Rd","2013-06-30 00:00:00","1"
"23634","100","13335","9A  Holbrooks Rd","2013-06-30 00:00:00","1"
"23634","100","13875","9  Marion Rd","2013-06-30 00:00:00","1"
"23634","100","13045","206 Holbrooks Rd","2013-06-30 00:00:00","1"
"23635","100","13335","9A  Holbrooks Rd","2013-06-30 00:00:00","1"
"23635","100","13383","8A  Marion Rd","2013-06-30 00:00:00","1"
"23635","100","13586","8D  Marion Rd","2013-06-30 00:00:00","2"
"23635","100","12726","23  Findon Rd","2013-06-30 00:00:00","1"
"23635","100","13813","8K  Marion Rd","2013-06-30 00:00:00","1"
"23635","100","14062","20  Cross Rd","2013-06-30 00:00:00","1"
"23636","100","12780","22A  Crittenden Rd","2013-06-30 00:00:00","1"
"23636","100","13383","8A  Marion Rd","2013-06-30 00:00:00","1"
"23636","100","14154","180 Cross Rd","2013-06-30 00:00:00","2"
"23636","100","13524","8C  Marion Rd","2013-06-30 00:00:00","3"
"23636","100","14122","173 Cross Rd","2013-06-30 00:00:00","1"
"23636","100","13813","8K  Marion Rd","2013-06-30 00:00:00","1"
"23637","100","14156","181 Cross Rd","2013-06-30 00:00:00","1"
"23637","100","14154","180 Cross Rd","2013-06-30 00:00:00","1"
"23637","100","13335","9A  Holbrooks Rd","2013-06-30 00:00:00","3"
"23637","100","12266","Zone A Arndale Interchange","2013-06-30 00:00:00","5"
"23637","100","13196","13  Holbrooks Rd","2013-06-30 00:00:00","1"
"23638","100","12562","218 Findon Rd","2013-06-30 00:00:00","1"
"23638","100","12266","Zone A Arndale Interchange","2013-06-30 00:00:00","3"
"23638","100","13875","9  Marion Rd","2013-06-30 00:00:00","1"
"23638","100","14133","11A  Marion Rd","2013-06-30 00:00:00","1"
"23638","100","12472","220 Woodville Rd","2013-06-30 00:00:00","2"
"23638","100","12257","25 Torrens Rd","2013-06-30 00:00:00","4"
"23638","100","13618","8E  Marion Rd","2013-06-30 00:00:00","1"
"23638","100","12216","224 Woodville Rd","2013-06-30 00:00:00","2"
"23639","100","12266","Zone A Arndale Interchange","2013-06-30 00:00:00","6"
"23639","100","14170","183 Cross Rd","2013-06-30 00:00:00","1"
"23639","100","13813","8K  Marion Rd","2013-06-30 00:00:00","1"
"23639","100","12472","220 Woodville Rd","2013-06-30 00:00:00","1"
"23639","100","12516","219 Woodville Rd","2013-06-30 00:00:00","1"
"23640","100","12940","17  Grange Rd","2013-06-30 00:00:00","1"
"23640","100","12266","Zone A Arndale Interchange","2013-06-30 00:00:00","5"
"23640","100","14170","183 Cross Rd","2013-06-30 00:00:00","1"
"23640","100","12562","218 Findon Rd","2013-06-30 00:00:00","1"
"23640","100","12726","23  Findon Rd","2013-06-30 00:00:00","1"
"23640","100","13524","8C  Marion Rd","2013-06-30 00:00:00","2"
"23640","100","14156","181 Cross Rd","2013-06-30 00:00:00","1"
"23640","100","12472","220 Woodville Rd","2013-06-30 00:00:00","1"
"23640","100","12516","219 Woodville Rd","2013-06-30 00:00:00","1"
"23641","100","13335","9A  Holbrooks Rd","2013-06-30 00:00:00","1"
"23641","100","12257","25 Torrens Rd","2013-06-30 00:00:00","1"
"23641","100","12266","Zone A Arndale Interchange","2013-06-30 00:00:00","3"
"23641","100","14154","180 Cross Rd","2013-06-30 00:00:00","1"
"23642","100","13073","205 Holbrooks Rd","2013-06-30 00:00:00","1"
"23642","100","14047","10A  Marion Rd","2013-06-30 00:00:00","2"
"23642","100","14131","11A  Marion Rd","2013-06-30 00:00:00","1"
"23643","100","14131","11A  Marion Rd","2013-06-30 00:00:00","1"
"23643","100","13375","201 Marion Rd","2013-06-30 00:00:00","1"
"23643","100","12864","20  Crittenden Rd","2013-06-30 00:00:00","1"
"23643","100","12266","Zone A Arndale Interchange","2013-06-30 00:00:00","4"
"23643","100","13730","8G  Marion Rd","2013-06-30 00:00:00","1"
"23644","100","12266","Zone A Arndale Interchange","2013-06-30 00:00:00","4"
"23644","100","13269","10  Holbrooks Rd","2013-06-30 00:00:00","1"
"23644","100","13331","9A  Holbrooks Rd","2013-06-30 00:00:00","1"
"23644","100","13669","8F  Marion Rd","2013-06-30 00:00:00","2"
"23644","100","14047","10A  Marion Rd","2013-06-30 00:00:00","2"
"23645","100","13456","8B  Marion Rd","2013-06-30 00:00:00","1"
"23645","100","14131","11A  Marion Rd","2013-06-30 00:00:00","3"
"23645","100","12747","23  Findon Rd","2013-06-30 00:00:00","1"
"23645","100","14155","180 Cross Rd","2013-06-30 00:00:00","1"
"23645","100","14167","182 Cross Rd","2013-06-30 00:00:00","1"
"23645","100","13627","8E  Marion Rd","2013-06-30 00:00:00","1"
"23645","100","13073","205 Holbrooks Rd","2013-06-30 00:00:00","1"
"23645","100","13874","9  Marion Rd","2013-06-30 00:00:00","1"
"23645","100","12580","218 Findon Rd","2013-06-30 00:00:00","1"
"23646","100","12610","217 Findon Rd","2013-06-30 00:00:00","3"
"23646","100","12806","21  Crittenden Rd","2013-06-30 00:00:00","2"
"23646","100","12896","19  Crittenden Rd","2013-06-30 00:00:00","1"
"23646","100","14064","20  Cross Rd","2013-06-30 00:00:00","1"
"23646","100","13669","8F  Marion Rd","2013-06-30 00:00:00","1"
"23646","100","13331","9A  Holbrooks Rd","2013-06-30 00:00:00","1"
"23646","100","14047","10A  Marion Rd","2013-06-30 00:00:00","2"
"23646","100","12864","20  Crittenden Rd","2013-06-30 00:00:00","2"
"23646","100","13817","8K  Marion Rd","2013-06-30 00:00:00","1"
"23646","100","13073","205 Holbrooks Rd","2013-06-30 00:00:00","1"
"23646","100","13269","10  Holbrooks Rd","2013-06-30 00:00:00","1"
"23647","100","14047","10A  Marion Rd","2013-06-30 00:00:00","1"
"23647","100","13627","8E  Marion Rd","2013-06-30 00:00:00","2"
"23647","100","12248","25 Torrens Rd","2013-06-30 00:00:00","1"
"23647","100","13331","9A  Holbrooks Rd","2013-06-30 00:00:00","3"
"23647","100","14083","165 Cross Rd","2013-06-30 00:00:00","1"
"23647","100","12747","23  Findon Rd","2013-06-30 00:00:00","1"
"23647","100","13499","8C  Marion Rd","2013-06-30 00:00:00","2"
"23647","100","14135","175 Cross Rd","2013-06-30 00:00:00","1"
"23647","100","14152","179 Cross Rd","2013-06-30 00:00:00","1"
"23647","100","14129","174 Cross Rd","2013-06-30 00:00:00","1"
"23648","100","13331","9A  Holbrooks Rd","2013-06-30 00:00:00","1"
"23648","100","13931","9B  Marion Rd","2013-06-30 00:00:00","1"
"23648","100","13269","10  Holbrooks Rd","2013-06-30 00:00:00","1"
"23648","100","13817","8K  Marion Rd","2013-06-30 00:00:00","1"
"23648","100","14155","180 Cross Rd","2013-06-30 00:00:00","1"
"23649","100","12939","18  Crittenden Rd","2013-06-30 00:00:00","1"
"23649","100","14152","179 Cross Rd","2013-06-30 00:00:00","1"
"23649","100","13874","9  Marion Rd","2013-06-30 00:00:00","1"
"23649","100","14142","176 Cross Rd","2013-06-30 00:00:00","1"
"23649","100","14131","11A  Marion Rd","2013-06-30 00:00:00","2"
"23649","100","14000","10  Marion Rd","2013-06-30 00:00:00","1"
"23649","100","14047","10A  Marion Rd","2013-06-30 00:00:00","2"
"23649","100","13730","8G  Marion Rd","2013-06-30 00:00:00","1"
"23650","100","13499","8C  Marion Rd","2013-06-30 00:00:00","1"
"23650","100","13905","9A  Marion Rd","2013-06-30 00:00:00","1"
"23650","100","14047","10A  Marion Rd","2013-06-30 00:00:00","3"
"23650","100","14131","11A  Marion Rd","2013-06-30 00:00:00","1"
"23650","100","13931","9B  Marion Rd","2013-06-30 00:00:00","1"
"23651","100","12806","21  Crittenden Rd","2013-06-30 00:00:00","1"
"23651","100","13269","10  Holbrooks Rd","2013-06-30 00:00:00","1"
"23651","100","14047","10A  Marion Rd","2013-06-30 00:00:00","1"
"23651","100","12747","23  Findon Rd","2013-06-30 00:00:00","1"
"23651","100","14131","11A  Marion Rd","2013-06-30 00:00:00","1"
"23651","100","13931","9B  Marion Rd","2013-06-30 00:00:00","1"
"44673","100","12227","224 Woodville Rd","2013-06-30 00:00:00","1"
"44673","100","12941","17  Grange Rd","2013-06-30 00:00:00","1"
"44673","100","14148","178 Cross Rd","2013-06-30 00:00:00","1"
"44673","100","14171","183 Cross Rd","2013-06-30 00:00:00","2"
"44673","100","12248","25 Torrens Rd","2013-06-30 00:00:00","1"
"44673","100","13730","8G  Marion Rd","2013-06-30 00:00:00","1"
"44673","100","14083","165 Cross Rd","2013-06-30 00:00:00","3"
"44673","100","12463","220 Woodville Rd","2013-06-30 00:00:00","1"
"44673","100","12521","219 Woodville Rd","2013-06-30 00:00:00","8"
"44673","100","12610","217 Findon Rd","2013-06-30 00:00:00","1"
"44673","100","13375","201 Marion Rd","2013-06-30 00:00:00","1"
"44673","100","14113","171 Cross Rd","2013-06-30 00:00:00","1"
"44673","100","14131","11A  Marion Rd","2013-06-30 00:00:00","4"
"44673","100","13331","9A  Holbrooks Rd","2013-06-30 00:00:00","11"
"44673","100","14123","173 Cross Rd","2013-06-30 00:00:00","1"
"44673","100","12352","Woodville","2013-06-30 00:00:00","3"
"44673","100","13040","206 Holbrooks Rd","2013-06-30 00:00:00","1"
"44673","100","14110","170 Cross Rd","2013-06-30 00:00:00","1"
"44673","100","14167","182 Cross Rd","2013-06-30 00:00:00","2"
"44673","100","12663","216 Findon Rd","2013-06-30 00:00:00","3"
"44673","100","13073","205 Holbrooks Rd","2013-06-30 00:00:00","4"
"44673","100","13456","8B  Marion Rd","2013-06-30 00:00:00","2"
"44673","100","13817","8K  Marion Rd","2013-06-30 00:00:00","1"
"44673","100","12833","22 Crittenden Rd","2013-06-30 00:00:00","1"
"44673","100","12953","207 Holbrooks Rd","2013-06-30 00:00:00","1"
"44673","100","12747","23  Findon Rd","2013-06-30 00:00:00","7"
"44673","100","13905","9A  Marion Rd","2013-06-30 00:00:00","2"
"44673","100","14037","19  Portrush Rd","2013-06-30 00:00:00","1"
"44673","100","14047","10A  Marion Rd","2013-06-30 00:00:00","1"
"44673","100","13627","8E  Marion Rd","2013-06-30 00:00:00","2"
"44673","100","14152","179 Cross Rd","2013-06-30 00:00:00","1"
"44673","100","14155","180 Cross Rd","2013-06-30 00:00:00","1"
"44673","100","12412","221 Woodville Rd","2013-06-30 00:00:00","2"
"44673","100","13499","8C  Marion Rd","2013-06-30 00:00:00","1"
"44673","100","13669","8F  Marion Rd","2013-06-30 00:00:00","3"
"44673","100","14146","177 Cross Rd","2013-06-30 00:00:00","1"
"44673","100","12939","18  Crittenden Rd","2013-06-30 00:00:00","1"
"44673","100","13269","10  Holbrooks Rd","2013-06-30 00:00:00","4"
"44673","100","14158","181 Cross Rd","2013-06-30 00:00:00","5"
"44674","100","12747","23  Findon Rd","2013-06-30 00:00:00","2"
"44674","100","14037","19  Portrush Rd","2013-06-30 00:00:00","2"
"44674","100","14148","178 Cross Rd","2013-06-30 00:00:00","1"
"44674","100","12833","22 Crittenden Rd","2013-06-30 00:00:00","2"
"44674","100","12941","17  Grange Rd","2013-06-30 00:00:00","3"
"44674","100","13375","201 Marion Rd","2013-06-30 00:00:00","7"
"44674","100","13874","9  Marion Rd","2013-06-30 00:00:00","2"
"44674","100","12266","Zone A Arndale Interchange","2013-06-30 00:00:00","12"
"44674","100","13571","8D  Marion Rd","2013-06-30 00:00:00","1"
"44674","100","14123","173 Cross Rd","2013-06-30 00:00:00","1"
"44674","100","14135","175 Cross Rd","2013-06-30 00:00:00","1"
"44674","100","14142","176 Cross Rd","2013-06-30 00:00:00","5"
"44674","100","14152","179 Cross Rd","2013-06-30 00:00:00","1"
"44674","100","14171","183 Cross Rd","2013-06-30 00:00:00","2"
"44674","100","12285","223 Woodville Rd","2013-06-30 00:00:00","3"
"44674","100","12610","217 Findon Rd","2013-06-30 00:00:00","2"
"44674","100","14098","167 Cross Rd","2013-06-30 00:00:00","1"
"44674","100","12412","221 Woodville Rd","2013-06-30 00:00:00","1"
"44674","100","13269","10  Holbrooks Rd","2013-06-30 00:00:00","7"
"44674","100","13730","8G  Marion Rd","2013-06-30 00:00:00","1"
"44674","100","14131","11A  Marion Rd","2013-06-30 00:00:00","1"
"44674","100","12939","18  Crittenden Rd","2013-06-30 00:00:00","1"
"44674","100","14110","170 Cross Rd","2013-06-30 00:00:00","4"
"44674","100","14095","166 Cross Rd","2013-06-30 00:00:00","2"
"44674","100","12352","Woodville","2013-06-30 00:00:00","2"
"44674","100","14047","10A  Marion Rd","2013-06-30 00:00:00","8"
"44674","100","13767","8H  Marion Rd","2013-06-30 00:00:00","2"
"44674","100","12463","220 Woodville Rd","2013-06-30 00:00:00","2"
"44674","100","12663","216 Findon Rd","2013-06-30 00:00:00","1"
"44674","100","13040","206 Holbrooks Rd","2013-06-30 00:00:00","1"
"44674","100","13669","8F  Marion Rd","2013-06-30 00:00:00","1"
"44674","100","12806","21  Crittenden Rd","2013-06-30 00:00:00","1"
"44674","100","14155","180 Cross Rd","2013-06-30 00:00:00","5"
"44674","100","12521","219 Woodville Rd","2013-06-30 00:00:00","2"
"44674","100","13499","8C  Marion Rd","2013-06-30 00:00:00","4"
"44674","100","14064","20  Cross Rd","2013-06-30 00:00:00","1"
"44674","100","14113","171 Cross Rd","2013-06-30 00:00:00","1"
"44674","100","14121","172 Cross Rd","2013-06-30 00:00:00","1"
"44674","100","13331","9A  Holbrooks Rd","2013-06-30 00:00:00","4"
"44674","100","13627","8E  Marion Rd","2013-06-30 00:00:00","2"
"44675","100","12747","23  Findon Rd","2013-06-30 00:00:00","10"
"44675","100","12864","20  Crittenden Rd","2013-06-30 00:00:00","4"
"44675","100","13375","201 Marion Rd","2013-06-30 00:00:00","1"
"44675","100","14131","11A  Marion Rd","2013-06-30 00:00:00","4"
"44675","100","13073","205 Holbrooks Rd","2013-06-30 00:00:00","4"
"44675","100","13499","8C  Marion Rd","2013-06-30 00:00:00","9"
"44675","100","12580","218 Findon Rd","2013-06-30 00:00:00","8"
"44675","100","13627","8E  Marion Rd","2013-06-30 00:00:00","1"
"44675","100","14047","10A  Marion Rd","2013-06-30 00:00:00","1"
"44675","100","12806","21  Crittenden Rd","2013-06-30 00:00:00","3"
"44675","100","13331","9A  Holbrooks Rd","2013-06-30 00:00:00","3"
"44676","100","12939","18  Crittenden Rd","2013-06-30 00:00:00","2"
"44676","100","12412","221 Woodville Rd","2013-06-30 00:00:00","1"
"44676","100","12266","Zone A Arndale Interchange","2013-06-30 00:00:00","11"
"44676","100","12864","20  Crittenden Rd","2013-06-30 00:00:00","3"
"44676","100","13817","8K  Marion Rd","2013-06-30 00:00:00","3"
"44676","100","12806","21  Crittenden Rd","2013-06-30 00:00:00","1"
"44676","100","13073","205 Holbrooks Rd","2013-06-30 00:00:00","2"
"44676","100","13375","201 Marion Rd","2013-06-30 00:00:00","1"
"44676","100","14131","11A  Marion Rd","2013-06-30 00:00:00","9"
"44676","100","12285","223 Woodville Rd","2013-06-30 00:00:00","1"
"44676","100","12580","218 Findon Rd","2013-06-30 00:00:00","2"
"44676","100","13331","9A  Holbrooks Rd","2013-06-30 00:00:00","2"
"44677","100","12864","20  Crittenden Rd","2013-06-30 00:00:00","1"
"44677","100","12939","18  Crittenden Rd","2013-06-30 00:00:00","3"
"44677","100","14047","10A  Marion Rd","2013-06-30 00:00:00","4"
"44677","100","12352","Woodville","2013-06-30 00:00:00","2"
"44677","100","12663","216 Findon Rd","2013-06-30 00:00:00","4"
"44677","100","12806","21  Crittenden Rd","2013-06-30 00:00:00","5"
"44677","100","13073","205 Holbrooks Rd","2013-06-30 00:00:00","3"
"44677","100","13331","9A  Holbrooks Rd","2013-06-30 00:00:00","1"
"44677","100","13499","8C  Marion Rd","2013-06-30 00:00:00","6"
"44677","100","13627","8E  Marion Rd","2013-06-30 00:00:00","2"
"44677","100","13269","10  Holbrooks Rd","2013-06-30 00:00:00","2"
"44677","100","14131","11A  Marion Rd","2013-06-30 00:00:00","6"
"44677","100","12266","Zone A Arndale Interchange","2013-06-30 00:00:00","11"
"44677","100","12747","23  Findon Rd","2013-06-30 00:00:00","1"
"44677","100","13375","201 Marion Rd","2013-06-30 00:00:00","1"
"44678","100","14047","10A  Marion Rd","2013-06-30 00:00:00","1"
"44678","100","12463","220 Woodville Rd","2013-06-30 00:00:00","1"
"44678","100","12610","217 Findon Rd","2013-06-30 00:00:00","2"
"44678","100","14083","165 Cross Rd","2013-06-30 00:00:00","5"
"44678","100","14167","182 Cross Rd","2013-06-30 00:00:00","1"
"44678","100","12806","21  Crittenden Rd","2013-06-30 00:00:00","1"
"44678","100","14095","166 Cross Rd","2013-06-30 00:00:00","3"
"44678","100","14121","172 Cross Rd","2013-06-30 00:00:00","3"
"44678","100","14155","180 Cross Rd","2013-06-30 00:00:00","3"
"44678","100","12521","219 Woodville Rd","2013-06-30 00:00:00","3"
"44678","100","13931","9B  Marion Rd","2013-06-30 00:00:00","1"
"44678","100","12747","23  Findon Rd","2013-06-30 00:00:00","2"
"44678","100","14000","10  Marion Rd","2013-06-30 00:00:00","2"
"44678","100","13269","10  Holbrooks Rd","2013-06-30 00:00:00","1"
"44678","100","13767","8H  Marion Rd","2013-06-30 00:00:00","1"
"44678","100","13669","8F  Marion Rd","2013-06-30 00:00:00","1"
"44678","100","14146","177 Cross Rd","2013-06-30 00:00:00","1"
"44678","100","12953","207 Holbrooks Rd","2013-06-30 00:00:00","1"
"44678","100","14152","179 Cross Rd","2013-06-30 00:00:00","4"
"44678","100","14142","176 Cross Rd","2013-06-30 00:00:00","10"
"44678","100","14158","181 Cross Rd","2013-06-30 00:00:00","4"
"44678","100","12663","216 Findon Rd","2013-06-30 00:00:00","1"
"44678","100","13073","205 Holbrooks Rd","2013-06-30 00:00:00","5"
"44679","100","13331","9A  Holbrooks Rd","2013-06-30 00:00:00","2"
"44679","100","13571","8D  Marion Rd","2013-06-30 00:00:00","7"
"44679","100","12610","217 Findon Rd","2013-06-30 00:00:00","2"
"44679","100","13375","201 Marion Rd","2013-06-30 00:00:00","7"
"44679","100","14131","11A  Marion Rd","2013-06-30 00:00:00","8"
"44679","100","13730","8G  Marion Rd","2013-06-30 00:00:00","1"
"44679","100","12941","17  Grange Rd","2013-06-30 00:00:00","4"
"44679","100","14171","183 Cross Rd","2013-06-30 00:00:00","1"
"44679","100","14142","176 Cross Rd","2013-06-30 00:00:00","2"
"44679","100","12747","23  Findon Rd","2013-06-30 00:00:00","3"
"44679","100","14047","10A  Marion Rd","2013-06-30 00:00:00","4"
"44679","100","12663","216 Findon Rd","2013-06-30 00:00:00","2"
"44679","100","13073","205 Holbrooks Rd","2013-06-30 00:00:00","3"
"44679","100","12806","21  Crittenden Rd","2013-06-30 00:00:00","2"
"44679","100","14158","181 Cross Rd","2013-06-30 00:00:00","3"
"44679","100","12939","18  Crittenden Rd","2013-06-30 00:00:00","1"
"44679","100","14000","10  Marion Rd","2013-06-30 00:00:00","3"
"44679","100","13269","10  Holbrooks Rd","2013-06-30 00:00:00","10"
"44679","100","13627","8E  Marion Rd","2013-06-30 00:00:00","4"
"44679","100","13767","8H  Marion Rd","2013-06-30 00:00:00","2"
"44679","100","14135","175 Cross Rd","2013-06-30 00:00:00","3"
"44680","100","12266","Zone A Arndale Interchange","2013-06-30 00:00:00","22"
"44680","100","12747","23  Findon Rd","2013-06-30 00:00:00","1"
"44680","100","12953","207 Holbrooks Rd","2013-06-30 00:00:00","4"
"44680","100","13375","201 Marion Rd","2013-06-30 00:00:00","2"
"44680","100","13874","9  Marion Rd","2013-06-30 00:00:00","2"
"44680","100","12227","224 Woodville Rd","2013-06-30 00:00:00","1"
"44680","100","13269","10  Holbrooks Rd","2013-06-30 00:00:00","2"
"44680","100","14131","11A  Marion Rd","2013-06-30 00:00:00","20"
"44680","100","12412","221 Woodville Rd","2013-06-30 00:00:00","14"
"44680","100","13627","8E  Marion Rd","2013-06-30 00:00:00","3"
"44680","100","12521","219 Woodville Rd","2013-06-30 00:00:00","1"
"44680","100","12580","218 Findon Rd","2013-06-30 00:00:00","2"
"44680","100","13073","205 Holbrooks Rd","2013-06-30 00:00:00","2"
"44680","100","13331","9A  Holbrooks Rd","2013-06-30 00:00:00","1"
"44680","100","12352","Woodville","2013-06-30 00:00:00","3"
"44680","100","13767","8H  Marion Rd","2013-06-30 00:00:00","2"
"44680","100","13817","8K  Marion Rd","2013-06-30 00:00:00","1"
"44680","100","13953","9C  Marion Rd","2013-06-30 00:00:00","1"
"44680","100","14000","10  Marion Rd","2013-06-30 00:00:00","1"
"44680","100","14047","10A  Marion Rd","2013-06-30 00:00:00","4"
"44681","100","12953","207 Holbrooks Rd","2013-06-30 00:00:00","2"
"44681","100","13627","8E  Marion Rd","2013-06-30 00:00:00","8"
"44681","100","13788","8J  Marion Rd","2013-06-30 00:00:00","2"
"44681","100","14152","179 Cross Rd","2013-06-30 00:00:00","3"
"44681","100","13499","8C  Marion Rd","2013-06-30 00:00:00","12"
"44681","100","13669","8F  Marion Rd","2013-06-30 00:00:00","13"
"44681","100","13905","9A  Marion Rd","2013-06-30 00:00:00","2"
"44681","100","14146","177 Cross Rd","2013-06-30 00:00:00","3"
"44681","100","13073","205 Holbrooks Rd","2013-06-30 00:00:00","3"
"44681","100","14142","176 Cross Rd","2013-06-30 00:00:00","1"
"44681","100","14158","181 Cross Rd","2013-06-30 00:00:00","1"
"44681","100","13571","8D  Marion Rd","2013-06-30 00:00:00","7"
"44681","100","14000","10  Marion Rd","2013-06-30 00:00:00","4"
"44681","100","14110","170 Cross Rd","2013-06-30 00:00:00","5"
"44681","100","13269","10  Holbrooks Rd","2013-06-30 00:00:00","6"
"44681","100","13375","201 Marion Rd","2013-06-30 00:00:00","2"
"44681","100","13817","8K  Marion Rd","2013-06-30 00:00:00","4"
"44681","100","14131","11A  Marion Rd","2013-06-30 00:00:00","12"
"44681","100","13767","8H  Marion Rd","2013-06-30 00:00:00","1"
"44681","100","12747","23  Findon Rd","2013-06-30 00:00:00","6"
"44681","100","12864","20  Crittenden Rd","2013-06-30 00:00:00","3"
"44681","100","14037","19  Portrush Rd","2013-06-30 00:00:00","12"
"44681","100","14047","10A  Marion Rd","2013-06-30 00:00:00","4"
"44681","100","12521","219 Woodville Rd","2013-06-30 00:00:00","1"
"44681","100","12939","18  Crittenden Rd","2013-06-30 00:00:00","1"
"44681","100","14095","166 Cross Rd","2013-06-30 00:00:00","3"
"44681","100","12941","17  Grange Rd","2013-06-30 00:00:00","5"
"44681","100","13931","9B  Marion Rd","2013-06-30 00:00:00","4"
"44681","100","12580","218 Findon Rd","2013-06-30 00:00:00","3"
"44681","100","13874","9  Marion Rd","2013-06-30 00:00:00","2"
"44681","100","14155","180 Cross Rd","2013-06-30 00:00:00","2"
"44681","100","13331","9A  Holbrooks Rd","2013-06-30 00:00:00","5"
"44681","100","13730","8G  Marion Rd","2013-06-30 00:00:00","2"
"44681","100","14083","165 Cross Rd","2013-06-30 00:00:00","1"
"44681","100","14123","173 Cross Rd","2013-06-30 00:00:00","4"
"44681","100","12463","220 Woodville Rd","2013-06-30 00:00:00","1"
"44681","100","12610","217 Findon Rd","2013-06-30 00:00:00","3"
"44681","100","12806","21  Crittenden Rd","2013-06-30 00:00:00","3"
"44681","100","13456","8B  Marion Rd","2013-06-30 00:00:00","8"
"44681","100","14071","163 Cross Rd","2013-06-30 00:00:00","1"
"44681","100","14167","182 Cross Rd","2013-06-30 00:00:00","5"
"44682","100","13269","10  Holbrooks Rd","2013-06-30 00:00:00","1"
"44682","100","13499","8C  Marion Rd","2013-06-30 00:00:00","11"
"44682","100","14146","177 Cross Rd","2013-06-30 00:00:00","5"
"44682","100","13627","8E  Marion Rd","2013-06-30 00:00:00","21"
"44682","100","14000","10  Marion Rd","2013-06-30 00:00:00","1"
"44682","100","14102","168 Cross Rd","2013-06-30 00:00:00","8"
"44682","100","17881","165A Cross Rd","2013-06-30 00:00:00","1"
"44682","100","12939","18  Crittenden Rd","2013-06-30 00:00:00","2"
"44682","100","13931","9B  Marion Rd","2013-06-30 00:00:00","2"
"44682","100","14155","180 Cross Rd","2013-06-30 00:00:00","1"
"44682","100","14158","181 Cross Rd","2013-06-30 00:00:00","2"
"44682","100","13073","205 Holbrooks Rd","2013-06-30 00:00:00","2"
"44682","100","14110","170 Cross Rd","2013-06-30 00:00:00","5"
"44682","100","14167","182 Cross Rd","2013-06-30 00:00:00","1"
"44682","100","12806","21  Crittenden Rd","2013-06-30 00:00:00","2"
"44682","100","12833","22 Crittenden Rd","2013-06-30 00:00:00","1"
"44682","100","13788","8J  Marion Rd","2013-06-30 00:00:00","2"
"44682","100","13456","8B  Marion Rd","2013-06-30 00:00:00","2"
"44682","100","13905","9A  Marion Rd","2013-06-30 00:00:00","1"
"44682","100","14064","20  Cross Rd","2013-06-30 00:00:00","2"
"44682","100","14071","163 Cross Rd","2013-06-30 00:00:00","6"
"44682","100","14121","172 Cross Rd","2013-06-30 00:00:00","2"
"44682","100","12747","23  Findon Rd","2013-06-30 00:00:00","6"
"44682","100","14037","19  Portrush Rd","2013-06-30 00:00:00","10"
"44682","100","14047","10A  Marion Rd","2013-06-30 00:00:00","3"
"44682","100","14095","166 Cross Rd","2013-06-30 00:00:00","1"
"44682","100","14123","173 Cross Rd","2013-06-30 00:00:00","7"
"44682","100","14135","175 Cross Rd","2013-06-30 00:00:00","4"
"44682","100","14142","176 Cross Rd","2013-06-30 00:00:00","1"
"44682","100","14152","179 Cross Rd","2013-06-30 00:00:00","6"
"44682","100","13953","9C  Marion Rd","2013-06-30 00:00:00","5"
"44682","100","13730","8G  Marion Rd","2013-06-30 00:00:00","1"
"44682","100","14083","165 Cross Rd","2013-06-30 00:00:00","3"
"44682","100","12521","219 Woodville Rd","2013-06-30 00:00:00","6"
"44682","100","14131","11A  Marion Rd","2013-06-30 00:00:00","9"
"44682","100","12580","218 Findon Rd","2013-06-30 00:00:00","2"
"44682","100","13331","9A  Holbrooks Rd","2013-06-30 00:00:00","2"
"44682","100","13375","201 Marion Rd","2013-06-30 00:00:00","4"
"44682","100","13874","9  Marion Rd","2013-06-30 00:00:00","2"
"44682","100","12463","220 Woodville Rd","2013-06-30 00:00:00","1"
"44682","100","12610","217 Findon Rd","2013-06-30 00:00:00","4"
"44682","100","13571","8D  Marion Rd","2013-06-30 00:00:00","7"
"44683","100","14047","10A  Marion Rd","2013-06-30 00:00:00","4"
"44683","100","14102","168 Cross Rd","2013-06-30 00:00:00","7"
"44683","100","12896","19  Crittenden Rd","2013-06-30 00:00:00","2"
"44683","100","13456","8B  Marion Rd","2013-06-30 00:00:00","3"
"44683","100","13817","8K  Marion Rd","2013-06-30 00:00:00","1"
"44683","100","14064","20  Cross Rd","2013-06-30 00:00:00","25"
"44683","100","14110","170 Cross Rd","2013-06-30 00:00:00","1"
"44683","100","12864","20  Crittenden Rd","2013-06-30 00:00:00","1"
"44683","100","14095","166 Cross Rd","2013-06-30 00:00:00","2"
"44683","100","12806","21  Crittenden Rd","2013-06-30 00:00:00","2"
"44683","100","14155","180 Cross Rd","2013-06-30 00:00:00","1"
"44683","100","13499","8C  Marion Rd","2013-06-30 00:00:00","2"
"44683","100","13669","8F  Marion Rd","2013-06-30 00:00:00","2"
"44683","100","14146","177 Cross Rd","2013-06-30 00:00:00","3"
"44683","100","12521","219 Woodville Rd","2013-06-30 00:00:00","2"
"44683","100","13931","9B  Marion Rd","2013-06-30 00:00:00","2"
"44683","100","14071","163 Cross Rd","2013-06-30 00:00:00","3"
"44683","100","14113","171 Cross Rd","2013-06-30 00:00:00","6"
"44683","100","12463","220 Woodville Rd","2013-06-30 00:00:00","1"
"44683","100","12939","18  Crittenden Rd","2013-06-30 00:00:00","1"
"44683","100","13627","8E  Marion Rd","2013-06-30 00:00:00","6"
"44683","100","12412","221 Woodville Rd","2013-06-30 00:00:00","1"
"44683","100","14076","164 Cross Rd","2013-06-30 00:00:00","1"
"44683","100","14123","173 Cross Rd","2013-06-30 00:00:00","1"
"44683","100","14152","179 Cross Rd","2013-06-30 00:00:00","4"
"44683","100","13269","10  Holbrooks Rd","2013-06-30 00:00:00","1"
"44683","100","13571","8D  Marion Rd","2013-06-30 00:00:00","5"
"44683","100","14083","165 Cross Rd","2013-06-30 00:00:00","9"
"44683","100","13730","8G  Marion Rd","2013-06-30 00:00:00","6"
"44683","100","14098","167 Cross Rd","2013-06-30 00:00:00","2"
"44683","100","14131","11A  Marion Rd","2013-06-30 00:00:00","3"
"44683","100","12663","216 Findon Rd","2013-06-30 00:00:00","3"
"44683","100","13073","205 Holbrooks Rd","2013-06-30 00:00:00","7"
"44683","100","14142","176 Cross Rd","2013-06-30 00:00:00","3"
"44683","100","12941","17  Grange Rd","2013-06-30 00:00:00","3"
"44683","100","12747","23  Findon Rd","2013-06-30 00:00:00","9"
"44683","100","13874","9  Marion Rd","2013-06-30 00:00:00","4"
"44683","100","14037","19  Portrush Rd","2013-06-30 00:00:00","64"
"44684","100","12463","220 Woodville Rd","2013-06-30 00:00:00","2"
"44684","100","12806","21  Crittenden Rd","2013-06-30 00:00:00","1"
"44684","100","14083","165 Cross Rd","2013-06-30 00:00:00","1"
"44684","100","13331","9A  Holbrooks Rd","2013-06-30 00:00:00","5"
"44684","100","13730","8G  Marion Rd","2013-06-30 00:00:00","6"
"44684","100","14064","20  Cross Rd","2013-06-30 00:00:00","6"
"44684","100","13874","9  Marion Rd","2013-06-30 00:00:00","2"
"44684","100","12580","218 Findon Rd","2013-06-30 00:00:00","2"
"44684","100","12939","18  Crittenden Rd","2013-06-30 00:00:00","2"
"44684","100","12941","17  Grange Rd","2013-06-30 00:00:00","2"
"44684","100","12521","219 Woodville Rd","2013-06-30 00:00:00","7"
"44684","100","13931","9B  Marion Rd","2013-06-30 00:00:00","1"
"44684","100","14095","166 Cross Rd","2013-06-30 00:00:00","1"
"44684","100","12747","23  Findon Rd","2013-06-30 00:00:00","7"
"44684","100","14000","10  Marion Rd","2013-06-30 00:00:00","1"
"44684","100","14037","19  Portrush Rd","2013-06-30 00:00:00","10"
"44684","100","14047","10A  Marion Rd","2013-06-30 00:00:00","2"
"44684","100","13456","8B  Marion Rd","2013-06-30 00:00:00","3"
"44684","100","13767","8H  Marion Rd","2013-06-30 00:00:00","1"
"44684","100","13269","10  Holbrooks Rd","2013-06-30 00:00:00","1"
"44684","100","14131","11A  Marion Rd","2013-06-30 00:00:00","8"
"44684","100","12352","Woodville","2013-06-30 00:00:00","2"
"44684","100","13817","8K  Marion Rd","2013-06-30 00:00:00","1"
"44684","100","14110","170 Cross Rd","2013-06-30 00:00:00","5"
"44684","100","12663","216 Findon Rd","2013-06-30 00:00:00","4"
"44684","100","14142","176 Cross Rd","2013-06-30 00:00:00","1"
"44684","100","14152","179 Cross Rd","2013-06-30 00:00:00","4"
"44684","100","13905","9A  Marion Rd","2013-06-30 00:00:00","1"
"44684","100","17881","165A Cross Rd","2013-06-30 00:00:00","1"
"44684","100","12833","22 Crittenden Rd","2013-06-30 00:00:00","1"
"44684","100","13499","8C  Marion Rd","2013-06-30 00:00:00","2"
"44684","100","13627","8E  Marion Rd","2013-06-30 00:00:00","3"
"44684","100","14146","177 Cross Rd","2013-06-30 00:00:00","4"
"44685","100","12463","220 Woodville Rd","2013-06-30 00:00:00","4"
"44685","100","12610","217 Findon Rd","2013-06-30 00:00:00","2"
"44685","100","12747","23  Findon Rd","2013-06-30 00:00:00","8"
"44685","100","13375","201 Marion Rd","2013-06-30 00:00:00","4"
"44685","100","14037","19  Portrush Rd","2013-06-30 00:00:00","1"
"44685","100","13874","9  Marion Rd","2013-06-30 00:00:00","2"
"44685","100","13571","8D  Marion Rd","2013-06-30 00:00:00","1"
"44685","100","12521","219 Woodville Rd","2013-06-30 00:00:00","2"
"44685","100","14131","11A  Marion Rd","2013-06-30 00:00:00","6"
"44685","100","14142","176 Cross Rd","2013-06-30 00:00:00","1"
"44685","100","13953","9C  Marion Rd","2013-06-30 00:00:00","1"
"44685","100","12941","17  Grange Rd","2013-06-30 00:00:00","2"
"44685","100","14123","173 Cross Rd","2013-06-30 00:00:00","3"
"44685","100","14152","179 Cross Rd","2013-06-30 00:00:00","2"
"44685","100","14047","10A  Marion Rd","2013-06-30 00:00:00","4"
"44685","100","14064","20  Cross Rd","2013-06-30 00:00:00","1"
"44685","100","14071","163 Cross Rd","2013-06-30 00:00:00","3"
"44685","100","12833","22 Crittenden Rd","2013-06-30 00:00:00","4"
"44685","100","13788","8J  Marion Rd","2013-06-30 00:00:00","2"
"44685","100","14110","170 Cross Rd","2013-06-30 00:00:00","3"
"44685","100","12663","216 Findon Rd","2013-06-30 00:00:00","2"
"44685","100","12806","21  Crittenden Rd","2013-06-30 00:00:00","4"
"44685","100","13073","205 Holbrooks Rd","2013-06-30 00:00:00","2"
"44685","100","13331","9A  Holbrooks Rd","2013-06-30 00:00:00","10"
"44685","100","13669","8F  Marion Rd","2013-06-30 00:00:00","1"
"44685","100","13931","9B  Marion Rd","2013-06-30 00:00:00","1"
"44685","100","14158","181 Cross Rd","2013-06-30 00:00:00","5"
"44685","100","12864","20  Crittenden Rd","2013-06-30 00:00:00","1"
"44685","100","12352","Woodville","2013-06-30 00:00:00","2"
"44685","100","12939","18  Crittenden Rd","2013-06-30 00:00:00","4"
"44685","100","13627","8E  Marion Rd","2013-06-30 00:00:00","3"
"44685","100","14000","10  Marion Rd","2013-06-30 00:00:00","4"
"44685","100","12412","221 Woodville Rd","2013-06-30 00:00:00","1"
"44685","100","13269","10  Holbrooks Rd","2013-06-30 00:00:00","2"
"44685","100","13499","8C  Marion Rd","2013-06-30 00:00:00","1"
"44685","100","14146","177 Cross Rd","2013-06-30 00:00:00","1"
"44686","100","12747","23  Findon Rd","2013-06-30 00:00:00","6"
"44686","100","14037","19  Portrush Rd","2013-06-30 00:00:00","4"
"44686","100","12941","17  Grange Rd","2013-06-30 00:00:00","1"
"44686","100","14142","176 Cross Rd","2013-06-30 00:00:00","4"
"44686","100","13073","205 Holbrooks Rd","2013-06-30 00:00:00","1"
"44686","100","12610","217 Findon Rd","2013-06-30 00:00:00","1"
"44686","100","13269","10  Holbrooks Rd","2013-06-30 00:00:00","5"
"44686","100","13375","201 Marion Rd","2013-06-30 00:00:00","1"
"44686","100","13571","8D  Marion Rd","2013-06-30 00:00:00","1"
"44686","100","14131","11A  Marion Rd","2013-06-30 00:00:00","7"
"44686","100","14135","175 Cross Rd","2013-06-30 00:00:00","1"
"44686","100","14152","179 Cross Rd","2013-06-30 00:00:00","3"
"44686","100","12285","223 Woodville Rd","2013-06-30 00:00:00","1"
"44686","100","12412","221 Woodville Rd","2013-06-30 00:00:00","6"
"44686","100","12463","220 Woodville Rd","2013-06-30 00:00:00","3"
"44686","100","12521","219 Woodville Rd","2013-06-30 00:00:00","7"
"44686","100","12939","18  Crittenden Rd","2013-06-30 00:00:00","1"
"44686","100","14071","163 Cross Rd","2013-06-30 00:00:00","1"
"44686","100","14158","181 Cross Rd","2013-06-30 00:00:00","3"
"44686","100","12806","21  Crittenden Rd","2013-06-30 00:00:00","2"
"44686","100","13331","9A  Holbrooks Rd","2013-06-30 00:00:00","11"
"44686","100","13627","8E  Marion Rd","2013-06-30 00:00:00","3"
"44686","100","13040","206 Holbrooks Rd","2013-06-30 00:00:00","2"
"44686","100","13499","8C  Marion Rd","2013-06-30 00:00:00","2"
"44686","100","14146","177 Cross Rd","2013-06-30 00:00:00","4"
"44686","100","13730","8G  Marion Rd","2013-06-30 00:00:00","1"
"44686","100","14064","20  Cross Rd","2013-06-30 00:00:00","1"
"44686","100","14110","170 Cross Rd","2013-06-30 00:00:00","1"
"44686","100","13456","8B  Marion Rd","2013-06-30 00:00:00","1"
"44686","100","13817","8K  Marion Rd","2013-06-30 00:00:00","1"
"44686","100","14167","182 Cross Rd","2013-06-30 00:00:00","2"
"44686","100","14000","10  Marion Rd","2013-06-30 00:00:00","1"
"44686","100","14047","10A  Marion Rd","2013-06-30 00:00:00","5"
"44686","100","14102","168 Cross Rd","2013-06-30 00:00:00","2"
"44687","100","12412","221 Woodville Rd","2013-06-30 00:00:00","2"
"44687","100","13269","10  Holbrooks Rd","2013-06-30 00:00:00","3"
"44687","100","13499","8C  Marion Rd","2013-06-30 00:00:00","1"
"44687","100","13627","8E  Marion Rd","2013-06-30 00:00:00","2"
"44687","100","13905","9A  Marion Rd","2013-06-30 00:00:00","1"
"44687","100","17881","165A Cross Rd","2013-06-30 00:00:00","2"
"44687","100","14142","176 Cross Rd","2013-06-30 00:00:00","1"
"44687","100","14152","179 Cross Rd","2013-06-30 00:00:00","1"
"44687","100","13375","201 Marion Rd","2013-06-30 00:00:00","2"
"44687","100","14131","11A  Marion Rd","2013-06-30 00:00:00","6"
"44687","100","12352","Woodville","2013-06-30 00:00:00","7"
"44687","100","13817","8K  Marion Rd","2013-06-30 00:00:00","1"
"44687","100","13456","8B  Marion Rd","2013-06-30 00:00:00","2"
"44687","100","12747","23  Findon Rd","2013-06-30 00:00:00","3"
"44687","100","12864","20  Crittenden Rd","2013-06-30 00:00:00","1"
"44687","100","14047","10A  Marion Rd","2013-06-30 00:00:00","2"
"44687","100","12521","219 Woodville Rd","2013-06-30 00:00:00","6"
"44687","100","13874","9  Marion Rd","2013-06-30 00:00:00","5"
"44687","100","13931","9B  Marion Rd","2013-06-30 00:00:00","1"
"44687","100","12939","18  Crittenden Rd","2013-06-30 00:00:00","1"
"44687","100","12941","17  Grange Rd","2013-06-30 00:00:00","1"
"44687","100","13331","9A  Holbrooks Rd","2013-06-30 00:00:00","6"
"44687","100","14098","167 Cross Rd","2013-06-30 00:00:00","2"
"44687","100","14083","165 Cross Rd","2013-06-30 00:00:00","1"
"44687","100","12285","223 Woodville Rd","2013-06-30 00:00:00","1"
"44687","100","12463","220 Woodville Rd","2013-06-30 00:00:00","1"
"44687","100","13953","9C  Marion Rd","2013-06-30 00:00:00","1"
"44687","100","12610","217 Findon Rd","2013-06-30 00:00:00","1"
"44687","100","12806","21  Crittenden Rd","2013-06-30 00:00:00","1"
"44687","100","14123","173 Cross Rd","2013-06-30 00:00:00","1"
"44688","100","12939","18  Crittenden Rd","2013-06-30 00:00:00","3"
"44688","100","13817","8K  Marion Rd","2013-06-30 00:00:00","1"
"44688","100","13931","9B  Marion Rd","2013-06-30 00:00:00","2"
"44688","100","12864","20  Crittenden Rd","2013-06-30 00:00:00","1"
"44688","100","14155","180 Cross Rd","2013-06-30 00:00:00","1"
"44688","100","14064","20  Cross Rd","2013-06-30 00:00:00","1"
"44688","100","14158","181 Cross Rd","2013-06-30 00:00:00","1"
"44688","100","12463","220 Woodville Rd","2013-06-30 00:00:00","7"
"44688","100","13499","8C  Marion Rd","2013-06-30 00:00:00","6"
"44688","100","14121","172 Cross Rd","2013-06-30 00:00:00","1"
"44688","100","14146","177 Cross Rd","2013-06-30 00:00:00","4"
"44688","100","12663","216 Findon Rd","2013-06-30 00:00:00","3"
"44688","100","12806","21  Crittenden Rd","2013-06-30 00:00:00","1"
"44688","100","13073","205 Holbrooks Rd","2013-06-30 00:00:00","5"
"44688","100","13331","9A  Holbrooks Rd","2013-06-30 00:00:00","10"
"44688","100","13669","8F  Marion Rd","2013-06-30 00:00:00","1"
"44688","100","12941","17  Grange Rd","2013-06-30 00:00:00","1"
"44688","100","14095","166 Cross Rd","2013-06-30 00:00:00","2"
"44688","100","14152","179 Cross Rd","2013-06-30 00:00:00","1"
"44688","100","13730","8G  Marion Rd","2013-06-30 00:00:00","1"
"44688","100","14129","174 Cross Rd","2013-06-30 00:00:00","1"
"44688","100","14142","176 Cross Rd","2013-06-30 00:00:00","2"
"44688","100","14083","165 Cross Rd","2013-06-30 00:00:00","3"
"44688","100","13571","8D  Marion Rd","2013-06-30 00:00:00","2"
"44688","100","12521","219 Woodville Rd","2013-06-30 00:00:00","6"
"44688","100","14131","11A  Marion Rd","2013-06-30 00:00:00","1"
"44688","100","13874","9  Marion Rd","2013-06-30 00:00:00","5"
"44688","100","12747","23  Findon Rd","2013-06-30 00:00:00","8"
"44688","100","13375","201 Marion Rd","2013-06-30 00:00:00","1"
"44689","100","12352","Woodville","2013-06-30 00:00:00","1"
"44689","100","14102","168 Cross Rd","2013-06-30 00:00:00","1"
"44689","100","14110","170 Cross Rd","2013-06-30 00:00:00","1"
"44689","100","14121","172 Cross Rd","2013-06-30 00:00:00","1"
"44689","100","14047","10A  Marion Rd","2013-06-30 00:00:00","1"
"44689","100","13669","8F  Marion Rd","2013-06-30 00:00:00","1"
"44689","100","12463","220 Woodville Rd","2013-06-30 00:00:00","2"
"44689","100","13269","10  Holbrooks Rd","2013-06-30 00:00:00","2"
"44689","100","13375","201 Marion Rd","2013-06-30 00:00:00","1"
"44689","100","14131","11A  Marion Rd","2013-06-30 00:00:00","3"
"44689","100","12412","221 Woodville Rd","2013-06-30 00:00:00","1"
"44689","100","12663","216 Findon Rd","2013-06-30 00:00:00","1"
"44689","100","12747","23  Findon Rd","2013-06-30 00:00:00","2"
"44689","100","14037","19  Portrush Rd","2013-06-30 00:00:00","1"
"44690","100","12285","223 Woodville Rd","2013-06-30 00:00:00","1"
"44690","100","12463","220 Woodville Rd","2013-06-30 00:00:00","3"
"44690","100","13040","206 Holbrooks Rd","2013-06-30 00:00:00","1"
"44690","100","13953","9C  Marion Rd","2013-06-30 00:00:00","1"
"44690","100","13331","9A  Holbrooks Rd","2013-06-30 00:00:00","5"
"44690","100","14083","165 Cross Rd","2013-06-30 00:00:00","2"
"44690","100","14098","167 Cross Rd","2013-06-30 00:00:00","7"
"44690","100","12521","219 Woodville Rd","2013-06-30 00:00:00","6"
"44690","100","13730","8G  Marion Rd","2013-06-30 00:00:00","2"
"44690","100","14131","11A  Marion Rd","2013-06-30 00:00:00","7"
"44690","100","12941","17  Grange Rd","2013-06-30 00:00:00","1"
"44690","100","13874","9  Marion Rd","2013-06-30 00:00:00","2"
"44690","100","14095","166 Cross Rd","2013-06-30 00:00:00","2"
"44690","100","12580","218 Findon Rd","2013-06-30 00:00:00","1"
"44690","100","12352","Woodville","2013-06-30 00:00:00","1"
"44690","100","12747","23  Findon Rd","2013-06-30 00:00:00","5"
"44690","100","12864","20  Crittenden Rd","2013-06-30 00:00:00","1"
"44690","100","14037","19  Portrush Rd","2013-06-30 00:00:00","1"
"44690","100","14047","10A  Marion Rd","2013-06-30 00:00:00","5"
"44690","100","13456","8B  Marion Rd","2013-06-30 00:00:00","1"
"44690","100","14110","170 Cross Rd","2013-06-30 00:00:00","2"
"44690","100","12266","Zone A Arndale Interchange","2013-06-30 00:00:00","4"
"44690","100","13375","201 Marion Rd","2013-06-30 00:00:00","2"
"44690","100","13571","8D  Marion Rd","2013-06-30 00:00:00","1"
"44690","100","14135","175 Cross Rd","2013-06-30 00:00:00","4"
"44690","100","14142","176 Cross Rd","2013-06-30 00:00:00","4"
"44690","100","12663","216 Findon Rd","2013-06-30 00:00:00","2"
"44690","100","13669","8F  Marion Rd","2013-06-30 00:00:00","2"
"44690","100","12412","221 Woodville Rd","2013-06-30 00:00:00","2"
"44690","100","13269","10  Holbrooks Rd","2013-06-30 00:00:00","3"
"44690","100","13499","8C  Marion Rd","2013-06-30 00:00:00","2"
"44690","100","14146","177 Cross Rd","2013-06-30 00:00:00","2"
"44690","100","13627","8E  Marion Rd","2013-06-30 00:00:00","1"
"44691","100","12747","23  Findon Rd","2013-06-30 00:00:00","6"
"44691","100","13375","201 Marion Rd","2013-06-30 00:00:00","3"
"44691","100","14131","11A  Marion Rd","2013-06-30 00:00:00","2"
"44691","100","14098","167 Cross Rd","2013-06-30 00:00:00","8"
"44691","100","14142","176 Cross Rd","2013-06-30 00:00:00","4"
"44691","100","12896","19  Crittenden Rd","2013-06-30 00:00:00","1"
"44691","100","13953","9C  Marion Rd","2013-06-30 00:00:00","1"
"44691","100","14105","169 Cross Rd","2013-06-30 00:00:00","2"
"44691","100","14152","179 Cross Rd","2013-06-30 00:00:00","1"
"44691","100","12941","17  Grange Rd","2013-06-30 00:00:00","2"
"44691","100","14110","170 Cross Rd","2013-06-30 00:00:00","1"
"44691","100","14121","172 Cross Rd","2013-06-30 00:00:00","1"
"44691","100","14146","177 Cross Rd","2013-06-30 00:00:00","1"
"44691","100","12806","21  Crittenden Rd","2013-06-30 00:00:00","2"
"44691","100","13331","9A  Holbrooks Rd","2013-06-30 00:00:00","3"
"44691","100","12463","220 Woodville Rd","2013-06-30 00:00:00","5"
"44691","100","13073","205 Holbrooks Rd","2013-06-30 00:00:00","34"
"44691","100","13456","8B  Marion Rd","2013-06-30 00:00:00","1"
"44691","100","13905","9A  Marion Rd","2013-06-30 00:00:00","1"
"44691","100","14047","10A  Marion Rd","2013-06-30 00:00:00","7"
"44691","100","14113","171 Cross Rd","2013-06-30 00:00:00","1"
"44691","100","12864","20  Crittenden Rd","2013-06-30 00:00:00","2"
"44691","100","14102","168 Cross Rd","2013-06-30 00:00:00","2"
"44691","100","12939","18  Crittenden Rd","2013-06-30 00:00:00","2"
"44691","100","13269","10  Holbrooks Rd","2013-06-30 00:00:00","5"
"44691","100","13627","8E  Marion Rd","2013-06-30 00:00:00","1"
"44691","100","13817","8K  Marion Rd","2013-06-30 00:00:00","3"
"44692","100","14037","19  Portrush Rd","2013-06-30 00:00:00","4"
"44692","100","13073","205 Holbrooks Rd","2013-06-30 00:00:00","1"
"44692","100","14142","176 Cross Rd","2013-06-30 00:00:00","5"
"44692","100","14152","179 Cross Rd","2013-06-30 00:00:00","3"
"44692","100","14135","175 Cross Rd","2013-06-30 00:00:00","4"
"44692","100","13269","10  Holbrooks Rd","2013-06-30 00:00:00","5"
"44692","100","13375","201 Marion Rd","2013-06-30 00:00:00","1"
"44692","100","14131","11A  Marion Rd","2013-06-30 00:00:00","6"
"44692","100","12521","219 Woodville Rd","2013-06-30 00:00:00","1"
"44692","100","13931","9B  Marion Rd","2013-06-30 00:00:00","1"
"44692","100","14071","163 Cross Rd","2013-06-30 00:00:00","1"
"44692","100","14158","181 Cross Rd","2013-06-30 00:00:00","4"
"44692","100","12939","18  Crittenden Rd","2013-06-30 00:00:00","1"
"44692","100","17881","165A Cross Rd","2013-06-30 00:00:00","1"
"44692","100","12782","22A  Crittenden Rd","2013-06-30 00:00:00","1"
"44692","100","14083","165 Cross Rd","2013-06-30 00:00:00","3"
"44692","100","14047","10A  Marion Rd","2013-06-30 00:00:00","2"
"44692","100","14064","20  Cross Rd","2013-06-30 00:00:00","1"
"44692","100","14098","167 Cross Rd","2013-06-30 00:00:00","12"
"44692","100","12352","Woodville","2013-06-30 00:00:00","1"
"44692","100","14110","170 Cross Rd","2013-06-30 00:00:00","3"
"44692","100","14167","182 Cross Rd","2013-06-30 00:00:00","1"
"44692","100","12806","21  Crittenden Rd","2013-06-30 00:00:00","1"
"44693","100","12939","18  Crittenden Rd","2013-06-30 00:00:00","1"
"44693","100","12953","207 Holbrooks Rd","2013-06-30 00:00:00","2"
"44693","100","13627","8E  Marion Rd","2013-06-30 00:00:00","2"
"44693","100","17881","165A Cross Rd","2013-06-30 00:00:00","2"
"44693","100","13269","10  Holbrooks Rd","2013-06-30 00:00:00","49"
"44693","100","13499","8C  Marion Rd","2013-06-30 00:00:00","5"
"44693","100","14135","175 Cross Rd","2013-06-30 00:00:00","2"
"44693","100","14152","179 Cross Rd","2013-06-30 00:00:00","1"
"44693","100","14158","181 Cross Rd","2013-06-30 00:00:00","1"
"44693","100","12663","216 Findon Rd","2013-06-30 00:00:00","4"
"44693","100","13073","205 Holbrooks Rd","2013-06-30 00:00:00","4"
"44693","100","12833","22 Crittenden Rd","2013-06-30 00:00:00","1"
"44693","100","14110","170 Cross Rd","2013-06-30 00:00:00","3"
"44693","100","12747","23  Findon Rd","2013-06-30 00:00:00","8"
"44693","100","12864","20  Crittenden Rd","2013-06-30 00:00:00","2"
"44693","100","13375","201 Marion Rd","2013-06-30 00:00:00","2"
"44693","100","14037","19  Portrush Rd","2013-06-30 00:00:00","1"
"44693","100","14047","10A  Marion Rd","2013-06-30 00:00:00","23"
"44693","100","12352","Woodville","2013-06-30 00:00:00","6"
"44693","100","13767","8H  Marion Rd","2013-06-30 00:00:00","1"
"44693","100","14000","10  Marion Rd","2013-06-30 00:00:00","2"
"44693","100","14167","182 Cross Rd","2013-06-30 00:00:00","2"
"44693","100","12896","19  Crittenden Rd","2013-06-30 00:00:00","1"
"44693","100","14142","176 Cross Rd","2013-06-30 00:00:00","4"
"44693","100","12941","17  Grange Rd","2013-06-30 00:00:00","2"
"44693","100","13874","9  Marion Rd","2013-06-30 00:00:00","3"
"44693","100","13931","9B  Marion Rd","2013-06-30 00:00:00","5"
"44693","100","13571","8D  Marion Rd","2013-06-30 00:00:00","4"
"44693","100","12521","219 Woodville Rd","2013-06-30 00:00:00","4"
"44693","100","13730","8G  Marion Rd","2013-06-30 00:00:00","1"
"44693","100","14064","20  Cross Rd","2013-06-30 00:00:00","1"
"44693","100","14071","163 Cross Rd","2013-06-30 00:00:00","1"
"44693","100","14098","167 Cross Rd","2013-06-30 00:00:00","1"
"44693","100","14131","11A  Marion Rd","2013-06-30 00:00:00","4"
"44693","100","14123","173 Cross Rd","2013-06-30 00:00:00","1"
"44693","100","12463","220 Woodville Rd","2013-06-30 00:00:00","4"
"44693","100","12580","218 Findon Rd","2013-06-30 00:00:00","1"
"44693","100","13331","9A  Holbrooks Rd","2013-06-30 00:00:00","14"
"44694","100","12352","Woodville","2013-06-30 00:00:00","3"
"44694","100","13931","9B  Marion Rd","2013-06-30 00:00:00","2"
"44694","100","14102","168 Cross Rd","2013-06-30 00:00:00","3"
"44694","100","14110","170 Cross Rd","2013-06-30 00:00:00","6"
"44694","100","12939","18  Crittenden Rd","2013-06-30 00:00:00","3"
"44694","100","13269","10  Holbrooks Rd","2013-06-30 00:00:00","20"
"44694","100","13817","8K  Marion Rd","2013-06-30 00:00:00","3"
"44694","100","14047","10A  Marion Rd","2013-06-30 00:00:00","6"
"44694","100","12463","220 Woodville Rd","2013-06-30 00:00:00","4"
"44694","100","12663","216 Findon Rd","2013-06-30 00:00:00","3"
"44694","100","13073","205 Holbrooks Rd","2013-06-30 00:00:00","4"
"44694","100","14113","171 Cross Rd","2013-06-30 00:00:00","1"
"44694","100","14158","181 Cross Rd","2013-06-30 00:00:00","1"
"44694","100","12833","22 Crittenden Rd","2013-06-30 00:00:00","1"
"44694","100","13331","9A  Holbrooks Rd","2013-06-30 00:00:00","7"
"44694","100","13627","8E  Marion Rd","2013-06-30 00:00:00","2"
"44694","100","17881","165A Cross Rd","2013-06-30 00:00:00","11"
"44694","100","13499","8C  Marion Rd","2013-06-30 00:00:00","1"
"44694","100","13669","8F  Marion Rd","2013-06-30 00:00:00","1"
"44694","100","13905","9A  Marion Rd","2013-06-30 00:00:00","2"
"44694","100","14121","172 Cross Rd","2013-06-30 00:00:00","2"
"44694","100","14146","177 Cross Rd","2013-06-30 00:00:00","1"
"44694","100","12412","221 Woodville Rd","2013-06-30 00:00:00","2"
"44694","100","13730","8G  Marion Rd","2013-06-30 00:00:00","1"
"44694","100","14083","165 Cross Rd","2013-06-30 00:00:00","2"
"44694","100","14095","166 Cross Rd","2013-06-30 00:00:00","1"
"44694","100","14135","175 Cross Rd","2013-06-30 00:00:00","2"
"44694","100","14152","179 Cross Rd","2013-06-30 00:00:00","3"
"44694","100","14098","167 Cross Rd","2013-06-30 00:00:00","81"
"44694","100","14142","176 Cross Rd","2013-06-30 00:00:00","37"
"44694","100","12610","217 Findon Rd","2013-06-30 00:00:00","1"
"44694","100","14105","169 Cross Rd","2013-06-30 00:00:00","5"
"44694","100","12941","17  Grange Rd","2013-06-30 00:00:00","1"
"44694","100","12227","224 Woodville Rd","2013-06-30 00:00:00","1"
"44694","100","13375","201 Marion Rd","2013-06-30 00:00:00","2"
"44694","100","13571","8D  Marion Rd","2013-06-30 00:00:00","4"
"44694","100","14131","11A  Marion Rd","2013-06-30 00:00:00","6"
"44694","100","12580","218 Findon Rd","2013-06-30 00:00:00","1"
"44694","100","12747","23  Findon Rd","2013-06-30 00:00:00","40"
"44694","100","13874","9  Marion Rd","2013-06-30 00:00:00","1"
"44694","100","14037","19  Portrush Rd","2013-06-30 00:00:00","1"
"44694","100","12266","Zone A Arndale Interchange","2013-06-30 00:00:00","5"
"44694","100","12285","223 Woodville Rd","2013-06-30 00:00:00","1"
"44695","100","14123","173 Cross Rd","2013-06-30 00:00:00","2"
"44695","100","12352","Woodville","2013-06-30 00:00:00","1"
"44695","100","14110","170 Cross Rd","2013-06-30 00:00:00","7"
"44695","100","14167","182 Cross Rd","2013-06-30 00:00:00","3"
"44695","100","13730","8G  Marion Rd","2013-06-30 00:00:00","1"
"44695","100","14047","10A  Marion Rd","2013-06-30 00:00:00","24"
"44695","100","14098","167 Cross Rd","2013-06-30 00:00:00","5"
"44695","100","14083","165 Cross Rd","2013-06-30 00:00:00","2"
"44695","100","14105","169 Cross Rd","2013-06-30 00:00:00","3"
"44695","100","14121","172 Cross Rd","2013-06-30 00:00:00","3"
"44695","100","13331","9A  Holbrooks Rd","2013-06-30 00:00:00","4"
"44695","100","17881","165A Cross Rd","2013-06-30 00:00:00","13"
"44695","100","13499","8C  Marion Rd","2013-06-30 00:00:00","1"
"44695","100","13627","8E  Marion Rd","2013-06-30 00:00:00","1"
"44695","100","14146","177 Cross Rd","2013-06-30 00:00:00","4"
"44695","100","12463","220 Woodville Rd","2013-06-30 00:00:00","4"
"44695","100","12939","18  Crittenden Rd","2013-06-30 00:00:00","3"
"44695","100","12521","219 Woodville Rd","2013-06-30 00:00:00","5"
"44695","100","13931","9B  Marion Rd","2013-06-30 00:00:00","4"
"44695","100","14071","163 Cross Rd","2013-06-30 00:00:00","2"
"44695","100","14113","171 Cross Rd","2013-06-30 00:00:00","1"
"44695","100","12610","217 Findon Rd","2013-06-30 00:00:00","1"
"44695","100","13375","201 Marion Rd","2013-06-30 00:00:00","3"
"44695","100","14131","11A  Marion Rd","2013-06-30 00:00:00","3"
"44695","100","12412","221 Woodville Rd","2013-06-30 00:00:00","3"
"44695","100","13269","10  Holbrooks Rd","2013-06-30 00:00:00","11"
"44695","100","14135","175 Cross Rd","2013-06-30 00:00:00","2"
"44695","100","14000","10  Marion Rd","2013-06-30 00:00:00","2"
"44695","100","14142","176 Cross Rd","2013-06-30 00:00:00","7"
"44695","100","14152","179 Cross Rd","2013-06-30 00:00:00","1"
"44695","100","12663","216 Findon Rd","2013-06-30 00:00:00","1"
"44695","100","12941","17  Grange Rd","2013-06-30 00:00:00","3"
"44695","100","13073","205 Holbrooks Rd","2013-06-30 00:00:00","73"
"44695","100","14171","183 Cross Rd","2013-06-30 00:00:00","8"
"44695","100","12747","23  Findon Rd","2013-06-30 00:00:00","2"
"44695","100","12953","207 Holbrooks Rd","2013-06-30 00:00:00","2"
"44695","100","12833","22 Crittenden Rd","2013-06-30 00:00:00","1"
"44696","100","12580","218 Findon Rd","2013-06-30 00:00:00","1"
"44696","100","13331","9A  Holbrooks Rd","2013-06-30 00:00:00","2"
"44696","100","12521","219 Woodville Rd","2013-06-30 00:00:00","2"
"44696","100","14131","11A  Marion Rd","2013-06-30 00:00:00","6"
"44696","100","12463","220 Woodville Rd","2013-06-30 00:00:00","1"
"44696","100","12941","17  Grange Rd","2013-06-30 00:00:00","4"
"44696","100","13874","9  Marion Rd","2013-06-30 00:00:00","1"
"44696","100","13953","9C  Marion Rd","2013-06-30 00:00:00","1"
"44696","100","12352","Woodville","2013-06-30 00:00:00","1"
"44696","100","13817","8K  Marion Rd","2013-06-30 00:00:00","2"
"44696","100","14000","10  Marion Rd","2013-06-30 00:00:00","1"
"44696","100","14047","10A  Marion Rd","2013-06-30 00:00:00","10"
"44696","100","12266","Zone A Arndale Interchange","2013-06-30 00:00:00","9"
"44696","100","12747","23  Findon Rd","2013-06-30 00:00:00","9"
"44696","100","13375","201 Marion Rd","2013-06-30 00:00:00","3"
"44696","100","13073","205 Holbrooks Rd","2013-06-30 00:00:00","8"
"44696","100","12412","221 Woodville Rd","2013-06-30 00:00:00","1"
"44696","100","13499","8C  Marion Rd","2013-06-30 00:00:00","2"
"44696","100","13669","8F  Marion Rd","2013-06-30 00:00:00","1"
"44696","100","13269","10  Holbrooks Rd","2013-06-30 00:00:00","102"
"44696","100","13905","9A  Marion Rd","2013-06-30 00:00:00","1"
"44696","100","13931","9B  Marion Rd","2013-06-30 00:00:00","4"
"44697","100","13874","9  Marion Rd","2013-06-30 00:00:00","3"
"44697","100","12266","Zone A Arndale Interchange","2013-06-30 00:00:00","1"
"44697","100","12580","218 Findon Rd","2013-06-30 00:00:00","1"
"44697","100","12747","23  Findon Rd","2013-06-30 00:00:00","8"
"44697","100","14037","19  Portrush Rd","2013-06-30 00:00:00","4"
"44697","100","12521","219 Woodville Rd","2013-06-30 00:00:00","1"
"44697","100","14131","11A  Marion Rd","2013-06-30 00:00:00","11"
"44697","100","13571","8D  Marion Rd","2013-06-30 00:00:00","5"
"44697","100","14171","183 Cross Rd","2013-06-30 00:00:00","2"
"44697","100","13953","9C  Marion Rd","2013-06-30 00:00:00","1"
"44697","100","14142","176 Cross Rd","2013-06-30 00:00:00","38"
"44697","100","14135","175 Cross Rd","2013-06-30 00:00:00","4"
"44697","100","12412","221 Woodville Rd","2013-06-30 00:00:00","2"
"44697","100","13730","8G  Marion Rd","2013-06-30 00:00:00","1"
"44697","100","14098","167 Cross Rd","2013-06-30 00:00:00","42"
"44697","100","13331","9A  Holbrooks Rd","2013-06-30 00:00:00","1"
"44697","100","13499","8C  Marion Rd","2013-06-30 00:00:00","1"
"44697","100","13669","8F  Marion Rd","2013-06-30 00:00:00","2"
"44697","100","13182","13  Holbrooks Rd","2013-06-30 00:00:00","2"
"44697","100","13788","8J  Marion Rd","2013-06-30 00:00:00","1"
"44697","100","14146","177 Cross Rd","2013-06-30 00:00:00","1"
"44697","100","17881","165A Cross Rd","2013-06-30 00:00:00","132"
"44697","100","12463","220 Woodville Rd","2013-06-30 00:00:00","4"
"44697","100","13073","205 Holbrooks Rd","2013-06-30 00:00:00","4"
"44697","100","14113","171 Cross Rd","2013-06-30 00:00:00","1"
"44697","100","14158","181 Cross Rd","2013-06-30 00:00:00","1"
"44697","100","13040","206 Holbrooks Rd","2013-06-30 00:00:00","1"
"44697","100","14047","10A  Marion Rd","2013-06-30 00:00:00","4"
"44697","100","14105","169 Cross Rd","2013-06-30 00:00:00","11"
"44697","100","14155","180 Cross Rd","2013-06-30 00:00:00","1"
"44697","100","12352","Woodville","2013-06-30 00:00:00","1"
"44697","100","13817","8K  Marion Rd","2013-06-30 00:00:00","2"
"44697","100","13931","9B  Marion Rd","2013-06-30 00:00:00","7"
"44697","100","14000","10  Marion Rd","2013-06-30 00:00:00","1"
"44697","100","14110","170 Cross Rd","2013-06-30 00:00:00","2"
"44697","100","13269","10  Holbrooks Rd","2013-06-30 00:00:00","12"
"44697","100","14095","166 Cross Rd","2013-06-30 00:00:00","2"
"44698","100","12747","23  Findon Rd","2013-06-30 00:00:00","2"
"44698","100","13754","12  Portrush Rd","2013-06-30 00:00:00","1"
"44698","100","13801","13  Portrush Rd","2013-06-30 00:00:00","4"
"44698","100","14037","19  Portrush Rd","2013-06-30 00:00:00","6"
"44698","100","13895","15  Portrush Rd","2013-06-30 00:00:00","1"
"44698","100","13073","205 Holbrooks Rd","2013-06-30 00:00:00","1"
"44698","100","13669","8F  Marion Rd","2013-06-30 00:00:00","1"
"44698","100","12941","17  Grange Rd","2013-06-30 00:00:00","2"
"44698","100","13788","8J  Marion Rd","2013-06-30 00:00:00","8"
"44698","100","14135","175 Cross Rd","2013-06-30 00:00:00","1"
"44698","100","14142","176 Cross Rd","2013-06-30 00:00:00","4"
"44698","100","14152","179 Cross Rd","2013-06-30 00:00:00","1"
"44698","100","13269","10  Holbrooks Rd","2013-06-30 00:00:00","4"
"44698","100","13390","8  Portrush Rd","2013-06-30 00:00:00","1"
"44698","100","14131","11A  Marion Rd","2013-06-30 00:00:00","4"
"44698","100","13319","9  Portrush Rd","2013-06-30 00:00:00","1"
"44698","100","13767","8H  Marion Rd","2013-06-30 00:00:00","5"
"44698","100","14000","10  Marion Rd","2013-06-30 00:00:00","4"
"44698","100","12285","223 Woodville Rd","2013-06-30 00:00:00","1"
"44698","100","13571","8D  Marion Rd","2013-06-30 00:00:00","1"
"44698","100","13931","9B  Marion Rd","2013-06-30 00:00:00","1"
"44698","100","12463","220 Woodville Rd","2013-06-30 00:00:00","1"
"44698","100","13918","16  Portrush Rd","2013-06-30 00:00:00","1"
"44698","100","13331","9A  Holbrooks Rd","2013-06-30 00:00:00","2"
"44698","100","14102","168 Cross Rd","2013-06-30 00:00:00","1"
"44698","100","17881","165A Cross Rd","2013-06-30 00:00:00","3"
"44698","100","14146","177 Cross Rd","2013-06-30 00:00:00","22"
"44698","100","13730","8G  Marion Rd","2013-06-30 00:00:00","4"
"44698","100","14047","10A  Marion Rd","2013-06-30 00:00:00","3"
"44698","100","14071","163 Cross Rd","2013-06-30 00:00:00","1"
"44698","100","14105","169 Cross Rd","2013-06-30 00:00:00","15"
"44698","100","14083","165 Cross Rd","2013-06-30 00:00:00","3"
"44698","100","14098","167 Cross Rd","2013-06-30 00:00:00","4"
"44698","100","13468","149 Portrush Rd","2013-06-30 00:00:00","40"
"44698","100","14110","170 Cross Rd","2013-06-30 00:00:00","4"
"44698","100","13817","8K  Marion Rd","2013-06-30 00:00:00","2"
"44698","100","13953","9C  Marion Rd","2013-06-30 00:00:00","1"
"44699","100","13801","13  Portrush Rd","2013-06-30 00:00:00","14"
"44699","100","13931","9B  Marion Rd","2013-06-30 00:00:00","1"
"44699","100","12939","18  Crittenden Rd","2013-06-30 00:00:00","1"
"44699","100","13269","10  Holbrooks Rd","2013-06-30 00:00:00","5"
"44699","100","13627","8E  Marion Rd","2013-06-30 00:00:00","3"
"44699","100","13669","8F  Marion Rd","2013-06-30 00:00:00","1"
"44699","100","14135","175 Cross Rd","2013-06-30 00:00:00","3"
"44699","100","14152","179 Cross Rd","2013-06-30 00:00:00","2"
"44699","100","14155","180 Cross Rd","2013-06-30 00:00:00","1"
"44699","100","17881","165A Cross Rd","2013-06-30 00:00:00","2"
"44699","100","12747","23  Findon Rd","2013-06-30 00:00:00","4"
"44699","100","14037","19  Portrush Rd","2013-06-30 00:00:00","1"
"44699","100","14064","20  Cross Rd","2013-06-30 00:00:00","3"
"44699","100","14110","170 Cross Rd","2013-06-30 00:00:00","3"
"44699","100","13468","149 Portrush Rd","2013-06-30 00:00:00","5"
"44699","100","13630","152 Portrush Rd","2013-06-30 00:00:00","2"
"44699","100","14000","10  Marion Rd","2013-06-30 00:00:00","1"
"44699","100","14047","10A  Marion Rd","2013-06-30 00:00:00","7"
"44699","100","12352","Woodville","2013-06-30 00:00:00","1"
"44699","100","12663","216 Findon Rd","2013-06-30 00:00:00","3"
"44699","100","13073","205 Holbrooks Rd","2013-06-30 00:00:00","1"
"44699","100","13319","9  Portrush Rd","2013-06-30 00:00:00","1"
"44699","100","14142","176 Cross Rd","2013-06-30 00:00:00","3"
"44699","100","12941","17  Grange Rd","2013-06-30 00:00:00","2"
"44699","100","14095","166 Cross Rd","2013-06-30 00:00:00","1"
"44699","100","12463","220 Woodville Rd","2013-06-30 00:00:00","2"
"44699","100","13571","8D  Marion Rd","2013-06-30 00:00:00","2"
"44699","100","13716","11  Portrush Rd","2013-06-30 00:00:00","2"
"44699","100","14083","165 Cross Rd","2013-06-30 00:00:00","6"
"44699","100","12521","219 Woodville Rd","2013-06-30 00:00:00","3"
"44699","100","13730","8G  Marion Rd","2013-06-30 00:00:00","1"
"44699","100","14071","163 Cross Rd","2013-06-30 00:00:00","1"
"44699","100","14131","11A  Marion Rd","2013-06-30 00:00:00","2"
"44700","100","13767","8H  Marion Rd","2013-06-30 00:00:00","1"
"44700","100","14047","10A  Marion Rd","2013-06-30 00:00:00","1"
"44700","100","14102","168 Cross Rd","2013-06-30 00:00:00","1"
"44700","100","14110","170 Cross Rd","2013-06-30 00:00:00","4"
"44700","100","14095","166 Cross Rd","2013-06-30 00:00:00","1"
"44700","100","14167","182 Cross Rd","2013-06-30 00:00:00","1"
"44700","100","12663","216 Findon Rd","2013-06-30 00:00:00","1"
"44700","100","14071","163 Cross Rd","2013-06-30 00:00:00","4"
"44700","100","14113","171 Cross Rd","2013-06-30 00:00:00","3"
"44700","100","14155","180 Cross Rd","2013-06-30 00:00:00","2"
"44700","100","12833","22 Crittenden Rd","2013-06-30 00:00:00","1"
"44700","100","13499","8C  Marion Rd","2013-06-30 00:00:00","2"
"44700","100","13331","9A  Holbrooks Rd","2013-06-30 00:00:00","1"
"44700","100","14064","20  Cross Rd","2013-06-30 00:00:00","3"
"44700","100","17881","165A Cross Rd","2013-06-30 00:00:00","6"
"44700","100","13730","8G  Marion Rd","2013-06-30 00:00:00","3"
"44700","100","14098","167 Cross Rd","2013-06-30 00:00:00","3"
"44700","100","12412","221 Woodville Rd","2013-06-30 00:00:00","3"
"44700","100","13269","10  Holbrooks Rd","2013-06-30 00:00:00","1"
"44700","100","14083","165 Cross Rd","2013-06-30 00:00:00","2"
"44700","100","14123","173 Cross Rd","2013-06-30 00:00:00","5"
"44700","100","14135","175 Cross Rd","2013-06-30 00:00:00","9"
"44700","100","12610","217 Findon Rd","2013-06-30 00:00:00","1"
"44700","100","14152","179 Cross Rd","2013-06-30 00:00:00","5"
"44700","100","12285","223 Woodville Rd","2013-06-30 00:00:00","2"
"44700","100","12941","17  Grange Rd","2013-06-30 00:00:00","1"
"44700","100","12521","219 Woodville Rd","2013-06-30 00:00:00","1"
"44700","100","13375","201 Marion Rd","2013-06-30 00:00:00","1"
"44700","100","14131","11A  Marion Rd","2013-06-30 00:00:00","5"
"44700","100","12747","23  Findon Rd","2013-06-30 00:00:00","9"
"44700","100","14037","19  Portrush Rd","2013-06-30 00:00:00","1"
"44701","100","14110","170 Cross Rd","2013-06-30 00:00:00","1"
"44701","100","12806","21  Crittenden Rd","2013-06-30 00:00:00","1"
"44701","100","13331","9A  Holbrooks Rd","2013-06-30 00:00:00","3"
"44701","100","14047","10A  Marion Rd","2013-06-30 00:00:00","1"
"44701","100","14071","163 Cross Rd","2013-06-30 00:00:00","2"
"44701","100","12521","219 Woodville Rd","2013-06-30 00:00:00","2"
"44701","100","12266","Zone A Arndale Interchange","2013-06-30 00:00:00","3"
"44701","100","14037","19  Portrush Rd","2013-06-30 00:00:00","3"
"44701","100","13817","8K  Marion Rd","2013-06-30 00:00:00","1"
"44701","100","13269","10  Holbrooks Rd","2013-06-30 00:00:00","1"
"44701","100","14129","174 Cross Rd","2013-06-30 00:00:00","1"
"44701","100","12663","216 Findon Rd","2013-06-30 00:00:00","1"
"44701","100","13073","205 Holbrooks Rd","2013-06-30 00:00:00","27"
"44702","100","12726","23  Findon Rd","2013-06-30 00:00:00","5"
"44702","100","12516","219 Woodville Rd","2013-06-30 00:00:00","13"
"44702","100","12780","22A  Crittenden Rd","2013-06-30 00:00:00","6"
"44702","100","13335","9A  Holbrooks Rd","2013-06-30 00:00:00","3"
"44702","100","13383","8A  Marion Rd","2013-06-30 00:00:00","9"
"44702","100","13618","8E  Marion Rd","2013-06-30 00:00:00","1"
"44702","100","12472","220 Woodville Rd","2013-06-30 00:00:00","1"
"44702","100","14151","179 Cross Rd","2013-06-30 00:00:00","1"
"44702","100","13586","8D  Marion Rd","2013-06-30 00:00:00","2"
"44702","100","13273","203 Holbrooks Rd","2013-06-30 00:00:00","2"
"44702","100","13045","206 Holbrooks Rd","2013-06-30 00:00:00","1"
"44702","100","13875","9  Marion Rd","2013-06-30 00:00:00","1"
"44702","100","14045","19  Portrush Rd","2013-06-30 00:00:00","1"
"44702","100","14132","175 Cross Rd","2013-06-30 00:00:00","4"
"44702","100","14133","11A  Marion Rd","2013-06-30 00:00:00","3"
"44702","100","14162","182 Cross Rd","2013-06-30 00:00:00","1"
"44702","100","12266","Zone A Arndale Interchange","2013-06-30 00:00:00","14"
"44702","100","13945","9C  Marion Rd","2013-06-30 00:00:00","2"
"44702","100","12940","17  Grange Rd","2013-06-30 00:00:00","2"
"44702","100","14144","177 Cross Rd","2013-06-30 00:00:00","6"
"44702","100","13813","8K  Marion Rd","2013-06-30 00:00:00","4"
"44702","100","14094","11  Marion Rd","2013-06-30 00:00:00","4"
"44702","100","12404","221 Woodville Rd","2013-06-30 00:00:00","2"
"44703","100","14133","11A  Marion Rd","2013-06-30 00:00:00","2"
"44703","100","14151","179 Cross Rd","2013-06-30 00:00:00","4"
"44703","100","13945","9C  Marion Rd","2013-06-30 00:00:00","1"
"44703","100","14119","172 Cross Rd","2013-06-30 00:00:00","1"
"44703","100","13813","8K  Marion Rd","2013-06-30 00:00:00","1"